"DATE","TIME_PERIOD","OBS_VALUE","OBS_STATUS","OBS_QUAL","OBS_TYPE","IDBANK","FREQ","TITLE_FR","TITLE_EN","LAST_UPDATE","UNIT_MEASURE","UNIT_MULT","REF_AREA","DECIMALS","OBS_REV"
2019-04-01,"2019-Q2",658,"P","P","A","001688365","T","Chômeurs au sens du BIT - Femmes de 25 à 49 ans (en milliers) - France métropolitaine - Données CVS - Série arrêtée","ILO unemployed - Women aged 25 to 49 years (in thousands) - Metropolitan France - SA data - Stopped series","2019-08-14","INDIVIDUS","3","FM","0",NA
2019-01-01,"2019-Q1",681,"A","DEF","A","001688365","T","Chômeurs au sens du BIT - Femmes de 25 à 49 ans (en milliers) - France métropolitaine - Données CVS - Série arrêtée","ILO unemployed - Women aged 25 to 49 years (in thousands) - Metropolitan France - SA data - Stopped series","2019-08-14","INDIVIDUS","3","FM","0","1"
2018-10-01,"2018-Q4",693,"A","DEF","A","001688365","T","Chômeurs au sens du BIT - Femmes de 25 à 49 ans (en milliers) - France métropolitaine - Données CVS - Série arrêtée","ILO unemployed - Women aged 25 to 49 years (in thousands) - Metropolitan France - SA data - Stopped series","2019-08-14","INDIVIDUS","3","FM","0",NA
2018-07-01,"2018-Q3",735,"A","DEF","A","001688365","T","Chômeurs au sens du BIT - Femmes de 25 à 49 ans (en milliers) - France métropolitaine - Données CVS - Série arrêtée","ILO unemployed - Women aged 25 to 49 years (in thousands) - Metropolitan France - SA data - Stopped series","2019-08-14","INDIVIDUS","3","FM","0","1"
2018-04-01,"2018-Q2",735,"A","DEF","A","001688365","T","Chômeurs au sens du BIT - Femmes de 25 à 49 ans (en milliers) - France métropolitaine - Données CVS - Série arrêtée","ILO unemployed - Women aged 25 to 49 years (in thousands) - Metropolitan France - SA data - Stopped series","2019-08-14","INDIVIDUS","3","FM","0","1"
2018-01-01,"2018-Q1",749,"A","DEF","A","001688365","T","Chômeurs au sens du BIT - Femmes de 25 à 49 ans (en milliers) - France métropolitaine - Données CVS - Série arrêtée","ILO unemployed - Women aged 25 to 49 years (in thousands) - Metropolitan France - SA data - Stopped series","2019-08-14","INDIVIDUS","3","FM","0","1"
2017-10-01,"2017-Q4",692,"A","DEF","A","001688365","T","Chômeurs au sens du BIT - Femmes de 25 à 49 ans (en milliers) - France métropolitaine - Données CVS - Série arrêtée","ILO unemployed - Women aged 25 to 49 years (in thousands) - Metropolitan France - SA data - Stopped series","2019-08-14","INDIVIDUS","3","FM","0",NA
2017-07-01,"2017-Q3",793,"A","DEF","A","001688365","T","Chômeurs au sens du BIT - Femmes de 25 à 49 ans (en milliers) - France métropolitaine - Données CVS - Série arrêtée","ILO unemployed - Women aged 25 to 49 years (in thousands) - Metropolitan France - SA data - Stopped series","2019-08-14","INDIVIDUS","3","FM","0","1"
2017-04-01,"2017-Q2",734,"A","DEF","A","001688365","T","Chômeurs au sens du BIT - Femmes de 25 à 49 ans (en milliers) - France métropolitaine - Données CVS - Série arrêtée","ILO unemployed - Women aged 25 to 49 years (in thousands) - Metropolitan France - SA data - Stopped series","2019-08-14","INDIVIDUS","3","FM","0","1"
2017-01-01,"2017-Q1",762,"A","DEF","A","001688365","T","Chômeurs au sens du BIT - Femmes de 25 à 49 ans (en milliers) - France métropolitaine - Données CVS - Série arrêtée","ILO unemployed - Women aged 25 to 49 years (in thousands) - Metropolitan France - SA data - Stopped series","2019-08-14","INDIVIDUS","3","FM","0","1"
2016-10-01,"2016-Q4",791,"A","DEF","A","001688365","T","Chômeurs au sens du BIT - Femmes de 25 à 49 ans (en milliers) - France métropolitaine - Données CVS - Série arrêtée","ILO unemployed - Women aged 25 to 49 years (in thousands) - Metropolitan France - SA data - Stopped series","2019-08-14","INDIVIDUS","3","FM","0",NA
2016-07-01,"2016-Q3",771,"A","DEF","A","001688365","T","Chômeurs au sens du BIT - Femmes de 25 à 49 ans (en milliers) - France métropolitaine - Données CVS - Série arrêtée","ILO unemployed - Women aged 25 to 49 years (in thousands) - Metropolitan France - SA data - Stopped series","2019-08-14","INDIVIDUS","3","FM","0","1"
2016-04-01,"2016-Q2",755,"A","DEF","A","001688365","T","Chômeurs au sens du BIT - Femmes de 25 à 49 ans (en milliers) - France métropolitaine - Données CVS - Série arrêtée","ILO unemployed - Women aged 25 to 49 years (in thousands) - Metropolitan France - SA data - Stopped series","2019-08-14","INDIVIDUS","3","FM","0","1"
2016-01-01,"2016-Q1",773,"A","DEF","A","001688365","T","Chômeurs au sens du BIT - Femmes de 25 à 49 ans (en milliers) - France métropolitaine - Données CVS - Série arrêtée","ILO unemployed - Women aged 25 to 49 years (in thousands) - Metropolitan France - SA data - Stopped series","2019-08-14","INDIVIDUS","3","FM","0","1"
2015-10-01,"2015-Q4",770,"A","DEF","A","001688365","T","Chômeurs au sens du BIT - Femmes de 25 à 49 ans (en milliers) - France métropolitaine - Données CVS - Série arrêtée","ILO unemployed - Women aged 25 to 49 years (in thousands) - Metropolitan France - SA data - Stopped series","2019-08-14","INDIVIDUS","3","FM","0",NA
2015-07-01,"2015-Q3",791,"A","DEF","A","001688365","T","Chômeurs au sens du BIT - Femmes de 25 à 49 ans (en milliers) - France métropolitaine - Données CVS - Série arrêtée","ILO unemployed - Women aged 25 to 49 years (in thousands) - Metropolitan France - SA data - Stopped series","2019-08-14","INDIVIDUS","3","FM","0","1"
2015-04-01,"2015-Q2",779,"A","DEF","A","001688365","T","Chômeurs au sens du BIT - Femmes de 25 à 49 ans (en milliers) - France métropolitaine - Données CVS - Série arrêtée","ILO unemployed - Women aged 25 to 49 years (in thousands) - Metropolitan France - SA data - Stopped series","2019-08-14","INDIVIDUS","3","FM","0",NA
2015-01-01,"2015-Q1",793,"A","DEF","A","001688365","T","Chômeurs au sens du BIT - Femmes de 25 à 49 ans (en milliers) - France métropolitaine - Données CVS - Série arrêtée","ILO unemployed - Women aged 25 to 49 years (in thousands) - Metropolitan France - SA data - Stopped series","2019-08-14","INDIVIDUS","3","FM","0","1"
2014-10-01,"2014-Q4",818,"A","DEF","A","001688365","T","Chômeurs au sens du BIT - Femmes de 25 à 49 ans (en milliers) - France métropolitaine - Données CVS - Série arrêtée","ILO unemployed - Women aged 25 to 49 years (in thousands) - Metropolitan France - SA data - Stopped series","2019-08-14","INDIVIDUS","3","FM","0",NA
2014-07-01,"2014-Q3",807,"A","DEF","A","001688365","T","Chômeurs au sens du BIT - Femmes de 25 à 49 ans (en milliers) - France métropolitaine - Données CVS - Série arrêtée","ILO unemployed - Women aged 25 to 49 years (in thousands) - Metropolitan France - SA data - Stopped series","2019-08-14","INDIVIDUS","3","FM","0","1"
2014-04-01,"2014-Q2",807,"A","DEF","A","001688365","T","Chômeurs au sens du BIT - Femmes de 25 à 49 ans (en milliers) - France métropolitaine - Données CVS - Série arrêtée","ILO unemployed - Women aged 25 to 49 years (in thousands) - Metropolitan France - SA data - Stopped series","2019-08-14","INDIVIDUS","3","FM","0",NA
2014-01-01,"2014-Q1",757,"A","DEF","A","001688365","T","Chômeurs au sens du BIT - Femmes de 25 à 49 ans (en milliers) - France métropolitaine - Données CVS - Série arrêtée","ILO unemployed - Women aged 25 to 49 years (in thousands) - Metropolitan France - SA data - Stopped series","2019-08-14","INDIVIDUS","3","FM","0","1"
2013-10-01,"2013-Q4",799,"A","DEF","A","001688365","T","Chômeurs au sens du BIT - Femmes de 25 à 49 ans (en milliers) - France métropolitaine - Données CVS - Série arrêtée","ILO unemployed - Women aged 25 to 49 years (in thousands) - Metropolitan France - SA data - Stopped series","2019-08-14","INDIVIDUS","3","FM","0",NA
2013-07-01,"2013-Q3",791,"A","DEF","A","001688365","T","Chômeurs au sens du BIT - Femmes de 25 à 49 ans (en milliers) - France métropolitaine - Données CVS - Série arrêtée","ILO unemployed - Women aged 25 to 49 years (in thousands) - Metropolitan France - SA data - Stopped series","2019-08-14","INDIVIDUS","3","FM","0",NA
2013-04-01,"2013-Q2",808,"A","DEF","A","001688365","T","Chômeurs au sens du BIT - Femmes de 25 à 49 ans (en milliers) - France métropolitaine - Données CVS - Série arrêtée","ILO unemployed - Women aged 25 to 49 years (in thousands) - Metropolitan France - SA data - Stopped series","2019-08-14","INDIVIDUS","3","FM","0",NA
2013-01-01,"2013-Q1",789,"A","DEF","A","001688365","T","Chômeurs au sens du BIT - Femmes de 25 à 49 ans (en milliers) - France métropolitaine - Données CVS - Série arrêtée","ILO unemployed - Women aged 25 to 49 years (in thousands) - Metropolitan France - SA data - Stopped series","2019-08-14","INDIVIDUS","3","FM","0",NA
2012-10-01,"2012-Q4",770,"A","DEF","A","001688365","T","Chômeurs au sens du BIT - Femmes de 25 à 49 ans (en milliers) - France métropolitaine - Données CVS - Série arrêtée","ILO unemployed - Women aged 25 to 49 years (in thousands) - Metropolitan France - SA data - Stopped series","2019-08-14","INDIVIDUS","3","FM","0",NA
2012-07-01,"2012-Q3",769,"A","DEF","A","001688365","T","Chômeurs au sens du BIT - Femmes de 25 à 49 ans (en milliers) - France métropolitaine - Données CVS - Série arrêtée","ILO unemployed - Women aged 25 to 49 years (in thousands) - Metropolitan France - SA data - Stopped series","2019-08-14","INDIVIDUS","3","FM","0",NA
2012-04-01,"2012-Q2",786,"A","DEF","A","001688365","T","Chômeurs au sens du BIT - Femmes de 25 à 49 ans (en milliers) - France métropolitaine - Données CVS - Série arrêtée","ILO unemployed - Women aged 25 to 49 years (in thousands) - Metropolitan France - SA data - Stopped series","2019-08-14","INDIVIDUS","3","FM","0",NA
2012-01-01,"2012-Q1",762,"A","DEF","A","001688365","T","Chômeurs au sens du BIT - Femmes de 25 à 49 ans (en milliers) - France métropolitaine - Données CVS - Série arrêtée","ILO unemployed - Women aged 25 to 49 years (in thousands) - Metropolitan France - SA data - Stopped series","2019-08-14","INDIVIDUS","3","FM","0",NA
2011-10-01,"2011-Q4",742,"A","DEF","A","001688365","T","Chômeurs au sens du BIT - Femmes de 25 à 49 ans (en milliers) - France métropolitaine - Données CVS - Série arrêtée","ILO unemployed - Women aged 25 to 49 years (in thousands) - Metropolitan France - SA data - Stopped series","2019-08-14","INDIVIDUS","3","FM","0",NA
2011-07-01,"2011-Q3",755,"A","DEF","A","001688365","T","Chômeurs au sens du BIT - Femmes de 25 à 49 ans (en milliers) - France métropolitaine - Données CVS - Série arrêtée","ILO unemployed - Women aged 25 to 49 years (in thousands) - Metropolitan France - SA data - Stopped series","2019-08-14","INDIVIDUS","3","FM","0",NA
2011-04-01,"2011-Q2",732,"A","DEF","A","001688365","T","Chômeurs au sens du BIT - Femmes de 25 à 49 ans (en milliers) - France métropolitaine - Données CVS - Série arrêtée","ILO unemployed - Women aged 25 to 49 years (in thousands) - Metropolitan France - SA data - Stopped series","2019-08-14","INDIVIDUS","3","FM","0",NA
2011-01-01,"2011-Q1",745,"A","DEF","A","001688365","T","Chômeurs au sens du BIT - Femmes de 25 à 49 ans (en milliers) - France métropolitaine - Données CVS - Série arrêtée","ILO unemployed - Women aged 25 to 49 years (in thousands) - Metropolitan France - SA data - Stopped series","2019-08-14","INDIVIDUS","3","FM","0",NA
2010-10-01,"2010-Q4",760,"A","DEF","A","001688365","T","Chômeurs au sens du BIT - Femmes de 25 à 49 ans (en milliers) - France métropolitaine - Données CVS - Série arrêtée","ILO unemployed - Women aged 25 to 49 years (in thousands) - Metropolitan France - SA data - Stopped series","2019-08-14","INDIVIDUS","3","FM","0",NA
2010-07-01,"2010-Q3",720,"A","DEF","A","001688365","T","Chômeurs au sens du BIT - Femmes de 25 à 49 ans (en milliers) - France métropolitaine - Données CVS - Série arrêtée","ILO unemployed - Women aged 25 to 49 years (in thousands) - Metropolitan France - SA data - Stopped series","2019-08-14","INDIVIDUS","3","FM","0",NA
2010-04-01,"2010-Q2",709,"A","DEF","A","001688365","T","Chômeurs au sens du BIT - Femmes de 25 à 49 ans (en milliers) - France métropolitaine - Données CVS - Série arrêtée","ILO unemployed - Women aged 25 to 49 years (in thousands) - Metropolitan France - SA data - Stopped series","2019-08-14","INDIVIDUS","3","FM","0",NA
2010-01-01,"2010-Q1",736,"A","DEF","A","001688365","T","Chômeurs au sens du BIT - Femmes de 25 à 49 ans (en milliers) - France métropolitaine - Données CVS - Série arrêtée","ILO unemployed - Women aged 25 to 49 years (in thousands) - Metropolitan France - SA data - Stopped series","2019-08-14","INDIVIDUS","3","FM","0",NA
2009-10-01,"2009-Q4",733,"A","DEF","A","001688365","T","Chômeurs au sens du BIT - Femmes de 25 à 49 ans (en milliers) - France métropolitaine - Données CVS - Série arrêtée","ILO unemployed - Women aged 25 to 49 years (in thousands) - Metropolitan France - SA data - Stopped series","2019-08-14","INDIVIDUS","3","FM","0",NA
2009-07-01,"2009-Q3",733,"A","DEF","A","001688365","T","Chômeurs au sens du BIT - Femmes de 25 à 49 ans (en milliers) - France métropolitaine - Données CVS - Série arrêtée","ILO unemployed - Women aged 25 to 49 years (in thousands) - Metropolitan France - SA data - Stopped series","2019-08-14","INDIVIDUS","3","FM","0",NA
2009-04-01,"2009-Q2",717,"A","DEF","A","001688365","T","Chômeurs au sens du BIT - Femmes de 25 à 49 ans (en milliers) - France métropolitaine - Données CVS - Série arrêtée","ILO unemployed - Women aged 25 to 49 years (in thousands) - Metropolitan France - SA data - Stopped series","2019-08-14","INDIVIDUS","3","FM","0",NA
2009-01-01,"2009-Q1",678,"A","DEF","A","001688365","T","Chômeurs au sens du BIT - Femmes de 25 à 49 ans (en milliers) - France métropolitaine - Données CVS - Série arrêtée","ILO unemployed - Women aged 25 to 49 years (in thousands) - Metropolitan France - SA data - Stopped series","2019-08-14","INDIVIDUS","3","FM","0",NA
2008-10-01,"2008-Q4",649,"A","DEF","A","001688365","T","Chômeurs au sens du BIT - Femmes de 25 à 49 ans (en milliers) - France métropolitaine - Données CVS - Série arrêtée","ILO unemployed - Women aged 25 to 49 years (in thousands) - Metropolitan France - SA data - Stopped series","2019-08-14","INDIVIDUS","3","FM","0",NA
2008-07-01,"2008-Q3",614,"A","DEF","A","001688365","T","Chômeurs au sens du BIT - Femmes de 25 à 49 ans (en milliers) - France métropolitaine - Données CVS - Série arrêtée","ILO unemployed - Women aged 25 to 49 years (in thousands) - Metropolitan France - SA data - Stopped series","2019-08-14","INDIVIDUS","3","FM","0",NA
2008-04-01,"2008-Q2",608,"A","DEF","A","001688365","T","Chômeurs au sens du BIT - Femmes de 25 à 49 ans (en milliers) - France métropolitaine - Données CVS - Série arrêtée","ILO unemployed - Women aged 25 to 49 years (in thousands) - Metropolitan France - SA data - Stopped series","2019-08-14","INDIVIDUS","3","FM","0",NA
2008-01-01,"2008-Q1",591,"A","DEF","A","001688365","T","Chômeurs au sens du BIT - Femmes de 25 à 49 ans (en milliers) - France métropolitaine - Données CVS - Série arrêtée","ILO unemployed - Women aged 25 to 49 years (in thousands) - Metropolitan France - SA data - Stopped series","2019-08-14","INDIVIDUS","3","FM","0",NA
2007-10-01,"2007-Q4",611,"A","DEF","A","001688365","T","Chômeurs au sens du BIT - Femmes de 25 à 49 ans (en milliers) - France métropolitaine - Données CVS - Série arrêtée","ILO unemployed - Women aged 25 to 49 years (in thousands) - Metropolitan France - SA data - Stopped series","2019-08-14","INDIVIDUS","3","FM","0",NA
2007-07-01,"2007-Q3",673,"A","DEF","A","001688365","T","Chômeurs au sens du BIT - Femmes de 25 à 49 ans (en milliers) - France métropolitaine - Données CVS - Série arrêtée","ILO unemployed - Women aged 25 to 49 years (in thousands) - Metropolitan France - SA data - Stopped series","2019-08-14","INDIVIDUS","3","FM","0",NA
2007-04-01,"2007-Q2",676,"A","DEF","A","001688365","T","Chômeurs au sens du BIT - Femmes de 25 à 49 ans (en milliers) - France métropolitaine - Données CVS - Série arrêtée","ILO unemployed - Women aged 25 to 49 years (in thousands) - Metropolitan France - SA data - Stopped series","2019-08-14","INDIVIDUS","3","FM","0",NA
2007-01-01,"2007-Q1",678,"A","DEF","A","001688365","T","Chômeurs au sens du BIT - Femmes de 25 à 49 ans (en milliers) - France métropolitaine - Données CVS - Série arrêtée","ILO unemployed - Women aged 25 to 49 years (in thousands) - Metropolitan France - SA data - Stopped series","2019-08-14","INDIVIDUS","3","FM","0",NA
2006-10-01,"2006-Q4",670,"A","DEF","A","001688365","T","Chômeurs au sens du BIT - Femmes de 25 à 49 ans (en milliers) - France métropolitaine - Données CVS - Série arrêtée","ILO unemployed - Women aged 25 to 49 years (in thousands) - Metropolitan France - SA data - Stopped series","2019-08-14","INDIVIDUS","3","FM","0",NA
2006-07-01,"2006-Q3",749,"A","DEF","A","001688365","T","Chômeurs au sens du BIT - Femmes de 25 à 49 ans (en milliers) - France métropolitaine - Données CVS - Série arrêtée","ILO unemployed - Women aged 25 to 49 years (in thousands) - Metropolitan France - SA data - Stopped series","2019-08-14","INDIVIDUS","3","FM","0",NA
2006-04-01,"2006-Q2",721,"A","DEF","A","001688365","T","Chômeurs au sens du BIT - Femmes de 25 à 49 ans (en milliers) - France métropolitaine - Données CVS - Série arrêtée","ILO unemployed - Women aged 25 to 49 years (in thousands) - Metropolitan France - SA data - Stopped series","2019-08-14","INDIVIDUS","3","FM","0",NA
2006-01-01,"2006-Q1",776,"A","DEF","A","001688365","T","Chômeurs au sens du BIT - Femmes de 25 à 49 ans (en milliers) - France métropolitaine - Données CVS - Série arrêtée","ILO unemployed - Women aged 25 to 49 years (in thousands) - Metropolitan France - SA data - Stopped series","2019-08-14","INDIVIDUS","3","FM","0",NA
2005-10-01,"2005-Q4",785,"A","DEF","A","001688365","T","Chômeurs au sens du BIT - Femmes de 25 à 49 ans (en milliers) - France métropolitaine - Données CVS - Série arrêtée","ILO unemployed - Women aged 25 to 49 years (in thousands) - Metropolitan France - SA data - Stopped series","2019-08-14","INDIVIDUS","3","FM","0",NA
2005-07-01,"2005-Q3",759,"A","DEF","A","001688365","T","Chômeurs au sens du BIT - Femmes de 25 à 49 ans (en milliers) - France métropolitaine - Données CVS - Série arrêtée","ILO unemployed - Women aged 25 to 49 years (in thousands) - Metropolitan France - SA data - Stopped series","2019-08-14","INDIVIDUS","3","FM","0",NA
2005-04-01,"2005-Q2",759,"A","DEF","A","001688365","T","Chômeurs au sens du BIT - Femmes de 25 à 49 ans (en milliers) - France métropolitaine - Données CVS - Série arrêtée","ILO unemployed - Women aged 25 to 49 years (in thousands) - Metropolitan France - SA data - Stopped series","2019-08-14","INDIVIDUS","3","FM","0",NA
2005-01-01,"2005-Q1",731,"A","DEF","A","001688365","T","Chômeurs au sens du BIT - Femmes de 25 à 49 ans (en milliers) - France métropolitaine - Données CVS - Série arrêtée","ILO unemployed - Women aged 25 to 49 years (in thousands) - Metropolitan France - SA data - Stopped series","2019-08-14","INDIVIDUS","3","FM","0",NA
2004-10-01,"2004-Q4",746,"A","DEF","A","001688365","T","Chômeurs au sens du BIT - Femmes de 25 à 49 ans (en milliers) - France métropolitaine - Données CVS - Série arrêtée","ILO unemployed - Women aged 25 to 49 years (in thousands) - Metropolitan France - SA data - Stopped series","2019-08-14","INDIVIDUS","3","FM","0",NA
2004-07-01,"2004-Q3",758,"A","DEF","A","001688365","T","Chômeurs au sens du BIT - Femmes de 25 à 49 ans (en milliers) - France métropolitaine - Données CVS - Série arrêtée","ILO unemployed - Women aged 25 to 49 years (in thousands) - Metropolitan France - SA data - Stopped series","2019-08-14","INDIVIDUS","3","FM","0",NA
2004-04-01,"2004-Q2",752,"A","DEF","A","001688365","T","Chômeurs au sens du BIT - Femmes de 25 à 49 ans (en milliers) - France métropolitaine - Données CVS - Série arrêtée","ILO unemployed - Women aged 25 to 49 years (in thousands) - Metropolitan France - SA data - Stopped series","2019-08-14","INDIVIDUS","3","FM","0",NA
2004-01-01,"2004-Q1",771,"A","DEF","A","001688365","T","Chômeurs au sens du BIT - Femmes de 25 à 49 ans (en milliers) - France métropolitaine - Données CVS - Série arrêtée","ILO unemployed - Women aged 25 to 49 years (in thousands) - Metropolitan France - SA data - Stopped series","2019-08-14","INDIVIDUS","3","FM","0",NA
2003-10-01,"2003-Q4",743,"A","DEF","A","001688365","T","Chômeurs au sens du BIT - Femmes de 25 à 49 ans (en milliers) - France métropolitaine - Données CVS - Série arrêtée","ILO unemployed - Women aged 25 to 49 years (in thousands) - Metropolitan France - SA data - Stopped series","2019-08-14","INDIVIDUS","3","FM","0",NA
2003-07-01,"2003-Q3",725,"A","DEF","A","001688365","T","Chômeurs au sens du BIT - Femmes de 25 à 49 ans (en milliers) - France métropolitaine - Données CVS - Série arrêtée","ILO unemployed - Women aged 25 to 49 years (in thousands) - Metropolitan France - SA data - Stopped series","2019-08-14","INDIVIDUS","3","FM","0",NA
2003-04-01,"2003-Q2",743,"A","DEF","A","001688365","T","Chômeurs au sens du BIT - Femmes de 25 à 49 ans (en milliers) - France métropolitaine - Données CVS - Série arrêtée","ILO unemployed - Women aged 25 to 49 years (in thousands) - Metropolitan France - SA data - Stopped series","2019-08-14","INDIVIDUS","3","FM","0",NA
2003-01-01,"2003-Q1",744,"A","DEF","A","001688365","T","Chômeurs au sens du BIT - Femmes de 25 à 49 ans (en milliers) - France métropolitaine - Données CVS - Série arrêtée","ILO unemployed - Women aged 25 to 49 years (in thousands) - Metropolitan France - SA data - Stopped series","2019-08-14","INDIVIDUS","3","FM","0",NA
2002-10-01,"2002-Q4",702,"A","DEF","A","001688365","T","Chômeurs au sens du BIT - Femmes de 25 à 49 ans (en milliers) - France métropolitaine - Données CVS - Série arrêtée","ILO unemployed - Women aged 25 to 49 years (in thousands) - Metropolitan France - SA data - Stopped series","2019-08-14","INDIVIDUS","3","FM","0",NA
2002-07-01,"2002-Q3",696,"A","DEF","A","001688365","T","Chômeurs au sens du BIT - Femmes de 25 à 49 ans (en milliers) - France métropolitaine - Données CVS - Série arrêtée","ILO unemployed - Women aged 25 to 49 years (in thousands) - Metropolitan France - SA data - Stopped series","2019-08-14","INDIVIDUS","3","FM","0",NA
2002-04-01,"2002-Q2",688,"A","DEF","A","001688365","T","Chômeurs au sens du BIT - Femmes de 25 à 49 ans (en milliers) - France métropolitaine - Données CVS - Série arrêtée","ILO unemployed - Women aged 25 to 49 years (in thousands) - Metropolitan France - SA data - Stopped series","2019-08-14","INDIVIDUS","3","FM","0",NA
2002-01-01,"2002-Q1",693,"A","DEF","A","001688365","T","Chômeurs au sens du BIT - Femmes de 25 à 49 ans (en milliers) - France métropolitaine - Données CVS - Série arrêtée","ILO unemployed - Women aged 25 to 49 years (in thousands) - Metropolitan France - SA data - Stopped series","2019-08-14","INDIVIDUS","3","FM","0",NA
2001-10-01,"2001-Q4",713,"A","DEF","A","001688365","T","Chômeurs au sens du BIT - Femmes de 25 à 49 ans (en milliers) - France métropolitaine - Données CVS - Série arrêtée","ILO unemployed - Women aged 25 to 49 years (in thousands) - Metropolitan France - SA data - Stopped series","2019-08-14","INDIVIDUS","3","FM","0",NA
2001-07-01,"2001-Q3",722,"A","DEF","A","001688365","T","Chômeurs au sens du BIT - Femmes de 25 à 49 ans (en milliers) - France métropolitaine - Données CVS - Série arrêtée","ILO unemployed - Women aged 25 to 49 years (in thousands) - Metropolitan France - SA data - Stopped series","2019-08-14","INDIVIDUS","3","FM","0",NA
2001-04-01,"2001-Q2",734,"A","DEF","A","001688365","T","Chômeurs au sens du BIT - Femmes de 25 à 49 ans (en milliers) - France métropolitaine - Données CVS - Série arrêtée","ILO unemployed - Women aged 25 to 49 years (in thousands) - Metropolitan France - SA data - Stopped series","2019-08-14","INDIVIDUS","3","FM","0",NA
2001-01-01,"2001-Q1",748,"A","DEF","A","001688365","T","Chômeurs au sens du BIT - Femmes de 25 à 49 ans (en milliers) - France métropolitaine - Données CVS - Série arrêtée","ILO unemployed - Women aged 25 to 49 years (in thousands) - Metropolitan France - SA data - Stopped series","2019-08-14","INDIVIDUS","3","FM","0",NA
2000-10-01,"2000-Q4",762,"A","DEF","A","001688365","T","Chômeurs au sens du BIT - Femmes de 25 à 49 ans (en milliers) - France métropolitaine - Données CVS - Série arrêtée","ILO unemployed - Women aged 25 to 49 years (in thousands) - Metropolitan France - SA data - Stopped series","2019-08-14","INDIVIDUS","3","FM","0",NA
2000-07-01,"2000-Q3",779,"A","DEF","A","001688365","T","Chômeurs au sens du BIT - Femmes de 25 à 49 ans (en milliers) - France métropolitaine - Données CVS - Série arrêtée","ILO unemployed - Women aged 25 to 49 years (in thousands) - Metropolitan France - SA data - Stopped series","2019-08-14","INDIVIDUS","3","FM","0",NA
2000-04-01,"2000-Q2",802,"A","DEF","A","001688365","T","Chômeurs au sens du BIT - Femmes de 25 à 49 ans (en milliers) - France métropolitaine - Données CVS - Série arrêtée","ILO unemployed - Women aged 25 to 49 years (in thousands) - Metropolitan France - SA data - Stopped series","2019-08-14","INDIVIDUS","3","FM","0",NA
2000-01-01,"2000-Q1",828,"A","DEF","A","001688365","T","Chômeurs au sens du BIT - Femmes de 25 à 49 ans (en milliers) - France métropolitaine - Données CVS - Série arrêtée","ILO unemployed - Women aged 25 to 49 years (in thousands) - Metropolitan France - SA data - Stopped series","2019-08-14","INDIVIDUS","3","FM","0",NA
1999-10-01,"1999-Q4",854,"A","DEF","A","001688365","T","Chômeurs au sens du BIT - Femmes de 25 à 49 ans (en milliers) - France métropolitaine - Données CVS - Série arrêtée","ILO unemployed - Women aged 25 to 49 years (in thousands) - Metropolitan France - SA data - Stopped series","2019-08-14","INDIVIDUS","3","FM","0",NA
1999-07-01,"1999-Q3",882,"A","DEF","A","001688365","T","Chômeurs au sens du BIT - Femmes de 25 à 49 ans (en milliers) - France métropolitaine - Données CVS - Série arrêtée","ILO unemployed - Women aged 25 to 49 years (in thousands) - Metropolitan France - SA data - Stopped series","2019-08-14","INDIVIDUS","3","FM","0",NA
1999-04-01,"1999-Q2",906,"A","DEF","A","001688365","T","Chômeurs au sens du BIT - Femmes de 25 à 49 ans (en milliers) - France métropolitaine - Données CVS - Série arrêtée","ILO unemployed - Women aged 25 to 49 years (in thousands) - Metropolitan France - SA data - Stopped series","2019-08-14","INDIVIDUS","3","FM","0",NA
1999-01-01,"1999-Q1",910,"A","DEF","A","001688365","T","Chômeurs au sens du BIT - Femmes de 25 à 49 ans (en milliers) - France métropolitaine - Données CVS - Série arrêtée","ILO unemployed - Women aged 25 to 49 years (in thousands) - Metropolitan France - SA data - Stopped series","2019-08-14","INDIVIDUS","3","FM","0",NA
1998-10-01,"1998-Q4",909,"A","DEF","A","001688365","T","Chômeurs au sens du BIT - Femmes de 25 à 49 ans (en milliers) - France métropolitaine - Données CVS - Série arrêtée","ILO unemployed - Women aged 25 to 49 years (in thousands) - Metropolitan France - SA data - Stopped series","2019-08-14","INDIVIDUS","3","FM","0",NA
1998-07-01,"1998-Q3",908,"A","DEF","A","001688365","T","Chômeurs au sens du BIT - Femmes de 25 à 49 ans (en milliers) - France métropolitaine - Données CVS - Série arrêtée","ILO unemployed - Women aged 25 to 49 years (in thousands) - Metropolitan France - SA data - Stopped series","2019-08-14","INDIVIDUS","3","FM","0",NA
1998-04-01,"1998-Q2",914,"A","DEF","A","001688365","T","Chômeurs au sens du BIT - Femmes de 25 à 49 ans (en milliers) - France métropolitaine - Données CVS - Série arrêtée","ILO unemployed - Women aged 25 to 49 years (in thousands) - Metropolitan France - SA data - Stopped series","2019-08-14","INDIVIDUS","3","FM","0",NA
1998-01-01,"1998-Q1",915,"A","DEF","A","001688365","T","Chômeurs au sens du BIT - Femmes de 25 à 49 ans (en milliers) - France métropolitaine - Données CVS - Série arrêtée","ILO unemployed - Women aged 25 to 49 years (in thousands) - Metropolitan France - SA data - Stopped series","2019-08-14","INDIVIDUS","3","FM","0",NA
1997-10-01,"1997-Q4",918,"A","DEF","A","001688365","T","Chômeurs au sens du BIT - Femmes de 25 à 49 ans (en milliers) - France métropolitaine - Données CVS - Série arrêtée","ILO unemployed - Women aged 25 to 49 years (in thousands) - Metropolitan France - SA data - Stopped series","2019-08-14","INDIVIDUS","3","FM","0",NA
1997-07-01,"1997-Q3",919,"A","DEF","A","001688365","T","Chômeurs au sens du BIT - Femmes de 25 à 49 ans (en milliers) - France métropolitaine - Données CVS - Série arrêtée","ILO unemployed - Women aged 25 to 49 years (in thousands) - Metropolitan France - SA data - Stopped series","2019-08-14","INDIVIDUS","3","FM","0",NA
1997-04-01,"1997-Q2",918,"A","DEF","A","001688365","T","Chômeurs au sens du BIT - Femmes de 25 à 49 ans (en milliers) - France métropolitaine - Données CVS - Série arrêtée","ILO unemployed - Women aged 25 to 49 years (in thousands) - Metropolitan France - SA data - Stopped series","2019-08-14","INDIVIDUS","3","FM","0",NA
1997-01-01,"1997-Q1",913,"A","DEF","A","001688365","T","Chômeurs au sens du BIT - Femmes de 25 à 49 ans (en milliers) - France métropolitaine - Données CVS - Série arrêtée","ILO unemployed - Women aged 25 to 49 years (in thousands) - Metropolitan France - SA data - Stopped series","2019-08-14","INDIVIDUS","3","FM","0",NA
1996-10-01,"1996-Q4",913,"A","DEF","A","001688365","T","Chômeurs au sens du BIT - Femmes de 25 à 49 ans (en milliers) - France métropolitaine - Données CVS - Série arrêtée","ILO unemployed - Women aged 25 to 49 years (in thousands) - Metropolitan France - SA data - Stopped series","2019-08-14","INDIVIDUS","3","FM","0",NA
1996-07-01,"1996-Q3",923,"A","DEF","A","001688365","T","Chômeurs au sens du BIT - Femmes de 25 à 49 ans (en milliers) - France métropolitaine - Données CVS - Série arrêtée","ILO unemployed - Women aged 25 to 49 years (in thousands) - Metropolitan France - SA data - Stopped series","2019-08-14","INDIVIDUS","3","FM","0",NA
1996-04-01,"1996-Q2",931,"A","DEF","A","001688365","T","Chômeurs au sens du BIT - Femmes de 25 à 49 ans (en milliers) - France métropolitaine - Données CVS - Série arrêtée","ILO unemployed - Women aged 25 to 49 years (in thousands) - Metropolitan France - SA data - Stopped series","2019-08-14","INDIVIDUS","3","FM","0",NA
1996-01-01,"1996-Q1",908,"A","DEF","A","001688365","T","Chômeurs au sens du BIT - Femmes de 25 à 49 ans (en milliers) - France métropolitaine - Données CVS - Série arrêtée","ILO unemployed - Women aged 25 to 49 years (in thousands) - Metropolitan France - SA data - Stopped series","2019-08-14","INDIVIDUS","3","FM","0",NA
1995-10-01,"1995-Q4",872,"A","DEF","A","001688365","T","Chômeurs au sens du BIT - Femmes de 25 à 49 ans (en milliers) - France métropolitaine - Données CVS - Série arrêtée","ILO unemployed - Women aged 25 to 49 years (in thousands) - Metropolitan France - SA data - Stopped series","2019-08-14","INDIVIDUS","3","FM","0",NA
1995-07-01,"1995-Q3",864,"A","DEF","A","001688365","T","Chômeurs au sens du BIT - Femmes de 25 à 49 ans (en milliers) - France métropolitaine - Données CVS - Série arrêtée","ILO unemployed - Women aged 25 to 49 years (in thousands) - Metropolitan France - SA data - Stopped series","2019-08-14","INDIVIDUS","3","FM","0",NA
1995-04-01,"1995-Q2",869,"A","DEF","A","001688365","T","Chômeurs au sens du BIT - Femmes de 25 à 49 ans (en milliers) - France métropolitaine - Données CVS - Série arrêtée","ILO unemployed - Women aged 25 to 49 years (in thousands) - Metropolitan France - SA data - Stopped series","2019-08-14","INDIVIDUS","3","FM","0",NA
1995-01-01,"1995-Q1",877,"A","DEF","A","001688365","T","Chômeurs au sens du BIT - Femmes de 25 à 49 ans (en milliers) - France métropolitaine - Données CVS - Série arrêtée","ILO unemployed - Women aged 25 to 49 years (in thousands) - Metropolitan France - SA data - Stopped series","2019-08-14","INDIVIDUS","3","FM","0",NA
1994-10-01,"1994-Q4",887,"A","DEF","A","001688365","T","Chômeurs au sens du BIT - Femmes de 25 à 49 ans (en milliers) - France métropolitaine - Données CVS - Série arrêtée","ILO unemployed - Women aged 25 to 49 years (in thousands) - Metropolitan France - SA data - Stopped series","2019-08-14","INDIVIDUS","3","FM","0",NA
1994-07-01,"1994-Q3",898,"A","DEF","A","001688365","T","Chômeurs au sens du BIT - Femmes de 25 à 49 ans (en milliers) - France métropolitaine - Données CVS - Série arrêtée","ILO unemployed - Women aged 25 to 49 years (in thousands) - Metropolitan France - SA data - Stopped series","2019-08-14","INDIVIDUS","3","FM","0",NA
1994-04-01,"1994-Q2",900,"A","DEF","A","001688365","T","Chômeurs au sens du BIT - Femmes de 25 à 49 ans (en milliers) - France métropolitaine - Données CVS - Série arrêtée","ILO unemployed - Women aged 25 to 49 years (in thousands) - Metropolitan France - SA data - Stopped series","2019-08-14","INDIVIDUS","3","FM","0",NA
1994-01-01,"1994-Q1",886,"A","DEF","A","001688365","T","Chômeurs au sens du BIT - Femmes de 25 à 49 ans (en milliers) - France métropolitaine - Données CVS - Série arrêtée","ILO unemployed - Women aged 25 to 49 years (in thousands) - Metropolitan France - SA data - Stopped series","2019-08-14","INDIVIDUS","3","FM","0",NA
1993-10-01,"1993-Q4",860,"A","DEF","A","001688365","T","Chômeurs au sens du BIT - Femmes de 25 à 49 ans (en milliers) - France métropolitaine - Données CVS - Série arrêtée","ILO unemployed - Women aged 25 to 49 years (in thousands) - Metropolitan France - SA data - Stopped series","2019-08-14","INDIVIDUS","3","FM","0",NA
1993-07-01,"1993-Q3",832,"A","DEF","A","001688365","T","Chômeurs au sens du BIT - Femmes de 25 à 49 ans (en milliers) - France métropolitaine - Données CVS - Série arrêtée","ILO unemployed - Women aged 25 to 49 years (in thousands) - Metropolitan France - SA data - Stopped series","2019-08-14","INDIVIDUS","3","FM","0",NA
1993-04-01,"1993-Q2",809,"A","DEF","A","001688365","T","Chômeurs au sens du BIT - Femmes de 25 à 49 ans (en milliers) - France métropolitaine - Données CVS - Série arrêtée","ILO unemployed - Women aged 25 to 49 years (in thousands) - Metropolitan France - SA data - Stopped series","2019-08-14","INDIVIDUS","3","FM","0",NA
1993-01-01,"1993-Q1",787,"A","DEF","A","001688365","T","Chômeurs au sens du BIT - Femmes de 25 à 49 ans (en milliers) - France métropolitaine - Données CVS - Série arrêtée","ILO unemployed - Women aged 25 to 49 years (in thousands) - Metropolitan France - SA data - Stopped series","2019-08-14","INDIVIDUS","3","FM","0",NA
1992-10-01,"1992-Q4",769,"A","DEF","A","001688365","T","Chômeurs au sens du BIT - Femmes de 25 à 49 ans (en milliers) - France métropolitaine - Données CVS - Série arrêtée","ILO unemployed - Women aged 25 to 49 years (in thousands) - Metropolitan France - SA data - Stopped series","2019-08-14","INDIVIDUS","3","FM","0",NA
1992-07-01,"1992-Q3",762,"A","DEF","A","001688365","T","Chômeurs au sens du BIT - Femmes de 25 à 49 ans (en milliers) - France métropolitaine - Données CVS - Série arrêtée","ILO unemployed - Women aged 25 to 49 years (in thousands) - Metropolitan France - SA data - Stopped series","2019-08-14","INDIVIDUS","3","FM","0",NA
1992-04-01,"1992-Q2",750,"A","DEF","A","001688365","T","Chômeurs au sens du BIT - Femmes de 25 à 49 ans (en milliers) - France métropolitaine - Données CVS - Série arrêtée","ILO unemployed - Women aged 25 to 49 years (in thousands) - Metropolitan France - SA data - Stopped series","2019-08-14","INDIVIDUS","3","FM","0",NA
1992-01-01,"1992-Q1",730,"A","DEF","A","001688365","T","Chômeurs au sens du BIT - Femmes de 25 à 49 ans (en milliers) - France métropolitaine - Données CVS - Série arrêtée","ILO unemployed - Women aged 25 to 49 years (in thousands) - Metropolitan France - SA data - Stopped series","2019-08-14","INDIVIDUS","3","FM","0",NA
1991-10-01,"1991-Q4",704,"A","DEF","A","001688365","T","Chômeurs au sens du BIT - Femmes de 25 à 49 ans (en milliers) - France métropolitaine - Données CVS - Série arrêtée","ILO unemployed - Women aged 25 to 49 years (in thousands) - Metropolitan France - SA data - Stopped series","2019-08-14","INDIVIDUS","3","FM","0",NA
1991-07-01,"1991-Q3",677,"A","DEF","A","001688365","T","Chômeurs au sens du BIT - Femmes de 25 à 49 ans (en milliers) - France métropolitaine - Données CVS - Série arrêtée","ILO unemployed - Women aged 25 to 49 years (in thousands) - Metropolitan France - SA data - Stopped series","2019-08-14","INDIVIDUS","3","FM","0",NA
1991-04-01,"1991-Q2",651,"A","DEF","A","001688365","T","Chômeurs au sens du BIT - Femmes de 25 à 49 ans (en milliers) - France métropolitaine - Données CVS - Série arrêtée","ILO unemployed - Women aged 25 to 49 years (in thousands) - Metropolitan France - SA data - Stopped series","2019-08-14","INDIVIDUS","3","FM","0",NA
1991-01-01,"1991-Q1",639,"A","DEF","A","001688365","T","Chômeurs au sens du BIT - Femmes de 25 à 49 ans (en milliers) - France métropolitaine - Données CVS - Série arrêtée","ILO unemployed - Women aged 25 to 49 years (in thousands) - Metropolitan France - SA data - Stopped series","2019-08-14","INDIVIDUS","3","FM","0",NA
1990-10-01,"1990-Q4",642,"A","DEF","A","001688365","T","Chômeurs au sens du BIT - Femmes de 25 à 49 ans (en milliers) - France métropolitaine - Données CVS - Série arrêtée","ILO unemployed - Women aged 25 to 49 years (in thousands) - Metropolitan France - SA data - Stopped series","2019-08-14","INDIVIDUS","3","FM","0",NA
1990-07-01,"1990-Q3",646,"A","DEF","A","001688365","T","Chômeurs au sens du BIT - Femmes de 25 à 49 ans (en milliers) - France métropolitaine - Données CVS - Série arrêtée","ILO unemployed - Women aged 25 to 49 years (in thousands) - Metropolitan France - SA data - Stopped series","2019-08-14","INDIVIDUS","3","FM","0",NA
1990-04-01,"1990-Q2",648,"A","DEF","A","001688365","T","Chômeurs au sens du BIT - Femmes de 25 à 49 ans (en milliers) - France métropolitaine - Données CVS - Série arrêtée","ILO unemployed - Women aged 25 to 49 years (in thousands) - Metropolitan France - SA data - Stopped series","2019-08-14","INDIVIDUS","3","FM","0",NA
1990-01-01,"1990-Q1",645,"A","DEF","A","001688365","T","Chômeurs au sens du BIT - Femmes de 25 à 49 ans (en milliers) - France métropolitaine - Données CVS - Série arrêtée","ILO unemployed - Women aged 25 to 49 years (in thousands) - Metropolitan France - SA data - Stopped series","2019-08-14","INDIVIDUS","3","FM","0",NA
1989-10-01,"1989-Q4",644,"A","DEF","A","001688365","T","Chômeurs au sens du BIT - Femmes de 25 à 49 ans (en milliers) - France métropolitaine - Données CVS - Série arrêtée","ILO unemployed - Women aged 25 to 49 years (in thousands) - Metropolitan France - SA data - Stopped series","2019-08-14","INDIVIDUS","3","FM","0",NA
1989-07-01,"1989-Q3",654,"A","DEF","A","001688365","T","Chômeurs au sens du BIT - Femmes de 25 à 49 ans (en milliers) - France métropolitaine - Données CVS - Série arrêtée","ILO unemployed - Women aged 25 to 49 years (in thousands) - Metropolitan France - SA data - Stopped series","2019-08-14","INDIVIDUS","3","FM","0",NA
1989-04-01,"1989-Q2",657,"A","DEF","A","001688365","T","Chômeurs au sens du BIT - Femmes de 25 à 49 ans (en milliers) - France métropolitaine - Données CVS - Série arrêtée","ILO unemployed - Women aged 25 to 49 years (in thousands) - Metropolitan France - SA data - Stopped series","2019-08-14","INDIVIDUS","3","FM","0",NA
1989-01-01,"1989-Q1",663,"A","DEF","A","001688365","T","Chômeurs au sens du BIT - Femmes de 25 à 49 ans (en milliers) - France métropolitaine - Données CVS - Série arrêtée","ILO unemployed - Women aged 25 to 49 years (in thousands) - Metropolitan France - SA data - Stopped series","2019-08-14","INDIVIDUS","3","FM","0",NA
1988-10-01,"1988-Q4",663,"A","DEF","A","001688365","T","Chômeurs au sens du BIT - Femmes de 25 à 49 ans (en milliers) - France métropolitaine - Données CVS - Série arrêtée","ILO unemployed - Women aged 25 to 49 years (in thousands) - Metropolitan France - SA data - Stopped series","2019-08-14","INDIVIDUS","3","FM","0",NA
1988-07-01,"1988-Q3",659,"A","DEF","A","001688365","T","Chômeurs au sens du BIT - Femmes de 25 à 49 ans (en milliers) - France métropolitaine - Données CVS - Série arrêtée","ILO unemployed - Women aged 25 to 49 years (in thousands) - Metropolitan France - SA data - Stopped series","2019-08-14","INDIVIDUS","3","FM","0",NA
1988-04-01,"1988-Q2",636,"A","DEF","A","001688365","T","Chômeurs au sens du BIT - Femmes de 25 à 49 ans (en milliers) - France métropolitaine - Données CVS - Série arrêtée","ILO unemployed - Women aged 25 to 49 years (in thousands) - Metropolitan France - SA data - Stopped series","2019-08-14","INDIVIDUS","3","FM","0",NA
1988-01-01,"1988-Q1",632,"A","DEF","A","001688365","T","Chômeurs au sens du BIT - Femmes de 25 à 49 ans (en milliers) - France métropolitaine - Données CVS - Série arrêtée","ILO unemployed - Women aged 25 to 49 years (in thousands) - Metropolitan France - SA data - Stopped series","2019-08-14","INDIVIDUS","3","FM","0",NA
1987-10-01,"1987-Q4",629,"A","DEF","A","001688365","T","Chômeurs au sens du BIT - Femmes de 25 à 49 ans (en milliers) - France métropolitaine - Données CVS - Série arrêtée","ILO unemployed - Women aged 25 to 49 years (in thousands) - Metropolitan France - SA data - Stopped series","2019-08-14","INDIVIDUS","3","FM","0",NA
1987-07-01,"1987-Q3",624,"A","DEF","A","001688365","T","Chômeurs au sens du BIT - Femmes de 25 à 49 ans (en milliers) - France métropolitaine - Données CVS - Série arrêtée","ILO unemployed - Women aged 25 to 49 years (in thousands) - Metropolitan France - SA data - Stopped series","2019-08-14","INDIVIDUS","3","FM","0",NA
1987-04-01,"1987-Q2",626,"A","DEF","A","001688365","T","Chômeurs au sens du BIT - Femmes de 25 à 49 ans (en milliers) - France métropolitaine - Données CVS - Série arrêtée","ILO unemployed - Women aged 25 to 49 years (in thousands) - Metropolitan France - SA data - Stopped series","2019-08-14","INDIVIDUS","3","FM","0",NA
1987-01-01,"1987-Q1",610,"A","DEF","A","001688365","T","Chômeurs au sens du BIT - Femmes de 25 à 49 ans (en milliers) - France métropolitaine - Données CVS - Série arrêtée","ILO unemployed - Women aged 25 to 49 years (in thousands) - Metropolitan France - SA data - Stopped series","2019-08-14","INDIVIDUS","3","FM","0",NA
1986-10-01,"1986-Q4",591,"A","DEF","A","001688365","T","Chômeurs au sens du BIT - Femmes de 25 à 49 ans (en milliers) - France métropolitaine - Données CVS - Série arrêtée","ILO unemployed - Women aged 25 to 49 years (in thousands) - Metropolitan France - SA data - Stopped series","2019-08-14","INDIVIDUS","3","FM","0",NA
1986-07-01,"1986-Q3",571,"A","DEF","A","001688365","T","Chômeurs au sens du BIT - Femmes de 25 à 49 ans (en milliers) - France métropolitaine - Données CVS - Série arrêtée","ILO unemployed - Women aged 25 to 49 years (in thousands) - Metropolitan France - SA data - Stopped series","2019-08-14","INDIVIDUS","3","FM","0",NA
1986-04-01,"1986-Q2",550,"A","DEF","A","001688365","T","Chômeurs au sens du BIT - Femmes de 25 à 49 ans (en milliers) - France métropolitaine - Données CVS - Série arrêtée","ILO unemployed - Women aged 25 to 49 years (in thousands) - Metropolitan France - SA data - Stopped series","2019-08-14","INDIVIDUS","3","FM","0",NA
1986-01-01,"1986-Q1",531,"A","DEF","A","001688365","T","Chômeurs au sens du BIT - Femmes de 25 à 49 ans (en milliers) - France métropolitaine - Données CVS - Série arrêtée","ILO unemployed - Women aged 25 to 49 years (in thousands) - Metropolitan France - SA data - Stopped series","2019-08-14","INDIVIDUS","3","FM","0",NA
1985-10-01,"1985-Q4",526,"A","DEF","A","001688365","T","Chômeurs au sens du BIT - Femmes de 25 à 49 ans (en milliers) - France métropolitaine - Données CVS - Série arrêtée","ILO unemployed - Women aged 25 to 49 years (in thousands) - Metropolitan France - SA data - Stopped series","2019-08-14","INDIVIDUS","3","FM","0",NA
1985-07-01,"1985-Q3",520,"A","DEF","A","001688365","T","Chômeurs au sens du BIT - Femmes de 25 à 49 ans (en milliers) - France métropolitaine - Données CVS - Série arrêtée","ILO unemployed - Women aged 25 to 49 years (in thousands) - Metropolitan France - SA data - Stopped series","2019-08-14","INDIVIDUS","3","FM","0",NA
1985-04-01,"1985-Q2",507,"A","DEF","A","001688365","T","Chômeurs au sens du BIT - Femmes de 25 à 49 ans (en milliers) - France métropolitaine - Données CVS - Série arrêtée","ILO unemployed - Women aged 25 to 49 years (in thousands) - Metropolitan France - SA data - Stopped series","2019-08-14","INDIVIDUS","3","FM","0",NA
1985-01-01,"1985-Q1",492,"A","DEF","A","001688365","T","Chômeurs au sens du BIT - Femmes de 25 à 49 ans (en milliers) - France métropolitaine - Données CVS - Série arrêtée","ILO unemployed - Women aged 25 to 49 years (in thousands) - Metropolitan France - SA data - Stopped series","2019-08-14","INDIVIDUS","3","FM","0",NA
1984-10-01,"1984-Q4",477,"A","DEF","A","001688365","T","Chômeurs au sens du BIT - Femmes de 25 à 49 ans (en milliers) - France métropolitaine - Données CVS - Série arrêtée","ILO unemployed - Women aged 25 to 49 years (in thousands) - Metropolitan France - SA data - Stopped series","2019-08-14","INDIVIDUS","3","FM","0",NA
1984-07-01,"1984-Q3",462,"A","DEF","A","001688365","T","Chômeurs au sens du BIT - Femmes de 25 à 49 ans (en milliers) - France métropolitaine - Données CVS - Série arrêtée","ILO unemployed - Women aged 25 to 49 years (in thousands) - Metropolitan France - SA data - Stopped series","2019-08-14","INDIVIDUS","3","FM","0",NA
1984-04-01,"1984-Q2",452,"A","DEF","A","001688365","T","Chômeurs au sens du BIT - Femmes de 25 à 49 ans (en milliers) - France métropolitaine - Données CVS - Série arrêtée","ILO unemployed - Women aged 25 to 49 years (in thousands) - Metropolitan France - SA data - Stopped series","2019-08-14","INDIVIDUS","3","FM","0",NA
1984-01-01,"1984-Q1",437,"A","DEF","A","001688365","T","Chômeurs au sens du BIT - Femmes de 25 à 49 ans (en milliers) - France métropolitaine - Données CVS - Série arrêtée","ILO unemployed - Women aged 25 to 49 years (in thousands) - Metropolitan France - SA data - Stopped series","2019-08-14","INDIVIDUS","3","FM","0",NA
1983-10-01,"1983-Q4",414,"A","DEF","A","001688365","T","Chômeurs au sens du BIT - Femmes de 25 à 49 ans (en milliers) - France métropolitaine - Données CVS - Série arrêtée","ILO unemployed - Women aged 25 to 49 years (in thousands) - Metropolitan France - SA data - Stopped series","2019-08-14","INDIVIDUS","3","FM","0",NA
1983-07-01,"1983-Q3",397,"A","DEF","A","001688365","T","Chômeurs au sens du BIT - Femmes de 25 à 49 ans (en milliers) - France métropolitaine - Données CVS - Série arrêtée","ILO unemployed - Women aged 25 to 49 years (in thousands) - Metropolitan France - SA data - Stopped series","2019-08-14","INDIVIDUS","3","FM","0",NA
1983-04-01,"1983-Q2",387,"A","DEF","A","001688365","T","Chômeurs au sens du BIT - Femmes de 25 à 49 ans (en milliers) - France métropolitaine - Données CVS - Série arrêtée","ILO unemployed - Women aged 25 to 49 years (in thousands) - Metropolitan France - SA data - Stopped series","2019-08-14","INDIVIDUS","3","FM","0",NA
1983-01-01,"1983-Q1",387,"A","DEF","A","001688365","T","Chômeurs au sens du BIT - Femmes de 25 à 49 ans (en milliers) - France métropolitaine - Données CVS - Série arrêtée","ILO unemployed - Women aged 25 to 49 years (in thousands) - Metropolitan France - SA data - Stopped series","2019-08-14","INDIVIDUS","3","FM","0",NA
1982-10-01,"1982-Q4",389,"A","DEF","A","001688365","T","Chômeurs au sens du BIT - Femmes de 25 à 49 ans (en milliers) - France métropolitaine - Données CVS - Série arrêtée","ILO unemployed - Women aged 25 to 49 years (in thousands) - Metropolitan France - SA data - Stopped series","2019-08-14","INDIVIDUS","3","FM","0",NA
1982-07-01,"1982-Q3",383,"A","DEF","A","001688365","T","Chômeurs au sens du BIT - Femmes de 25 à 49 ans (en milliers) - France métropolitaine - Données CVS - Série arrêtée","ILO unemployed - Women aged 25 to 49 years (in thousands) - Metropolitan France - SA data - Stopped series","2019-08-14","INDIVIDUS","3","FM","0",NA
1982-04-01,"1982-Q2",374,"A","DEF","A","001688365","T","Chômeurs au sens du BIT - Femmes de 25 à 49 ans (en milliers) - France métropolitaine - Données CVS - Série arrêtée","ILO unemployed - Women aged 25 to 49 years (in thousands) - Metropolitan France - SA data - Stopped series","2019-08-14","INDIVIDUS","3","FM","0",NA
1982-01-01,"1982-Q1",369,"A","DEF","A","001688365","T","Chômeurs au sens du BIT - Femmes de 25 à 49 ans (en milliers) - France métropolitaine - Données CVS - Série arrêtée","ILO unemployed - Women aged 25 to 49 years (in thousands) - Metropolitan France - SA data - Stopped series","2019-08-14","INDIVIDUS","3","FM","0",NA
1981-10-01,"1981-Q4",365,"A","DEF","A","001688365","T","Chômeurs au sens du BIT - Femmes de 25 à 49 ans (en milliers) - France métropolitaine - Données CVS - Série arrêtée","ILO unemployed - Women aged 25 to 49 years (in thousands) - Metropolitan France - SA data - Stopped series","2019-08-14","INDIVIDUS","3","FM","0",NA
1981-07-01,"1981-Q3",356,"A","DEF","A","001688365","T","Chômeurs au sens du BIT - Femmes de 25 à 49 ans (en milliers) - France métropolitaine - Données CVS - Série arrêtée","ILO unemployed - Women aged 25 to 49 years (in thousands) - Metropolitan France - SA data - Stopped series","2019-08-14","INDIVIDUS","3","FM","0",NA
1981-04-01,"1981-Q2",342,"A","DEF","A","001688365","T","Chômeurs au sens du BIT - Femmes de 25 à 49 ans (en milliers) - France métropolitaine - Données CVS - Série arrêtée","ILO unemployed - Women aged 25 to 49 years (in thousands) - Metropolitan France - SA data - Stopped series","2019-08-14","INDIVIDUS","3","FM","0",NA
1981-01-01,"1981-Q1",324,"A","DEF","A","001688365","T","Chômeurs au sens du BIT - Femmes de 25 à 49 ans (en milliers) - France métropolitaine - Données CVS - Série arrêtée","ILO unemployed - Women aged 25 to 49 years (in thousands) - Metropolitan France - SA data - Stopped series","2019-08-14","INDIVIDUS","3","FM","0",NA
1980-10-01,"1980-Q4",306,"A","DEF","A","001688365","T","Chômeurs au sens du BIT - Femmes de 25 à 49 ans (en milliers) - France métropolitaine - Données CVS - Série arrêtée","ILO unemployed - Women aged 25 to 49 years (in thousands) - Metropolitan France - SA data - Stopped series","2019-08-14","INDIVIDUS","3","FM","0",NA
1980-07-01,"1980-Q3",293,"A","DEF","A","001688365","T","Chômeurs au sens du BIT - Femmes de 25 à 49 ans (en milliers) - France métropolitaine - Données CVS - Série arrêtée","ILO unemployed - Women aged 25 to 49 years (in thousands) - Metropolitan France - SA data - Stopped series","2019-08-14","INDIVIDUS","3","FM","0",NA
1980-04-01,"1980-Q2",288,"A","DEF","A","001688365","T","Chômeurs au sens du BIT - Femmes de 25 à 49 ans (en milliers) - France métropolitaine - Données CVS - Série arrêtée","ILO unemployed - Women aged 25 to 49 years (in thousands) - Metropolitan France - SA data - Stopped series","2019-08-14","INDIVIDUS","3","FM","0",NA
1980-01-01,"1980-Q1",285,"A","DEF","A","001688365","T","Chômeurs au sens du BIT - Femmes de 25 à 49 ans (en milliers) - France métropolitaine - Données CVS - Série arrêtée","ILO unemployed - Women aged 25 to 49 years (in thousands) - Metropolitan France - SA data - Stopped series","2019-08-14","INDIVIDUS","3","FM","0",NA
1979-10-01,"1979-Q4",280,"A","DEF","A","001688365","T","Chômeurs au sens du BIT - Femmes de 25 à 49 ans (en milliers) - France métropolitaine - Données CVS - Série arrêtée","ILO unemployed - Women aged 25 to 49 years (in thousands) - Metropolitan France - SA data - Stopped series","2019-08-14","INDIVIDUS","3","FM","0",NA
1979-07-01,"1979-Q3",269,"A","DEF","A","001688365","T","Chômeurs au sens du BIT - Femmes de 25 à 49 ans (en milliers) - France métropolitaine - Données CVS - Série arrêtée","ILO unemployed - Women aged 25 to 49 years (in thousands) - Metropolitan France - SA data - Stopped series","2019-08-14","INDIVIDUS","3","FM","0",NA
1979-04-01,"1979-Q2",257,"A","DEF","A","001688365","T","Chômeurs au sens du BIT - Femmes de 25 à 49 ans (en milliers) - France métropolitaine - Données CVS - Série arrêtée","ILO unemployed - Women aged 25 to 49 years (in thousands) - Metropolitan France - SA data - Stopped series","2019-08-14","INDIVIDUS","3","FM","0",NA
1979-01-01,"1979-Q1",251,"A","DEF","A","001688365","T","Chômeurs au sens du BIT - Femmes de 25 à 49 ans (en milliers) - France métropolitaine - Données CVS - Série arrêtée","ILO unemployed - Women aged 25 to 49 years (in thousands) - Metropolitan France - SA data - Stopped series","2019-08-14","INDIVIDUS","3","FM","0",NA
1978-10-01,"1978-Q4",248,"A","DEF","A","001688365","T","Chômeurs au sens du BIT - Femmes de 25 à 49 ans (en milliers) - France métropolitaine - Données CVS - Série arrêtée","ILO unemployed - Women aged 25 to 49 years (in thousands) - Metropolitan France - SA data - Stopped series","2019-08-14","INDIVIDUS","3","FM","0",NA
1978-07-01,"1978-Q3",239,"A","DEF","A","001688365","T","Chômeurs au sens du BIT - Femmes de 25 à 49 ans (en milliers) - France métropolitaine - Données CVS - Série arrêtée","ILO unemployed - Women aged 25 to 49 years (in thousands) - Metropolitan France - SA data - Stopped series","2019-08-14","INDIVIDUS","3","FM","0",NA
1978-04-01,"1978-Q2",231,"A","DEF","A","001688365","T","Chômeurs au sens du BIT - Femmes de 25 à 49 ans (en milliers) - France métropolitaine - Données CVS - Série arrêtée","ILO unemployed - Women aged 25 to 49 years (in thousands) - Metropolitan France - SA data - Stopped series","2019-08-14","INDIVIDUS","3","FM","0",NA
1978-01-01,"1978-Q1",232,"A","DEF","A","001688365","T","Chômeurs au sens du BIT - Femmes de 25 à 49 ans (en milliers) - France métropolitaine - Données CVS - Série arrêtée","ILO unemployed - Women aged 25 to 49 years (in thousands) - Metropolitan France - SA data - Stopped series","2019-08-14","INDIVIDUS","3","FM","0",NA
1977-10-01,"1977-Q4",238,"A","DEF","A","001688365","T","Chômeurs au sens du BIT - Femmes de 25 à 49 ans (en milliers) - France métropolitaine - Données CVS - Série arrêtée","ILO unemployed - Women aged 25 to 49 years (in thousands) - Metropolitan France - SA data - Stopped series","2019-08-14","INDIVIDUS","3","FM","0",NA
1977-07-01,"1977-Q3",240,"A","DEF","A","001688365","T","Chômeurs au sens du BIT - Femmes de 25 à 49 ans (en milliers) - France métropolitaine - Données CVS - Série arrêtée","ILO unemployed - Women aged 25 to 49 years (in thousands) - Metropolitan France - SA data - Stopped series","2019-08-14","INDIVIDUS","3","FM","0",NA
1977-04-01,"1977-Q2",232,"A","DEF","A","001688365","T","Chômeurs au sens du BIT - Femmes de 25 à 49 ans (en milliers) - France métropolitaine - Données CVS - Série arrêtée","ILO unemployed - Women aged 25 to 49 years (in thousands) - Metropolitan France - SA data - Stopped series","2019-08-14","INDIVIDUS","3","FM","0",NA
1977-01-01,"1977-Q1",216,"A","DEF","A","001688365","T","Chômeurs au sens du BIT - Femmes de 25 à 49 ans (en milliers) - France métropolitaine - Données CVS - Série arrêtée","ILO unemployed - Women aged 25 to 49 years (in thousands) - Metropolitan France - SA data - Stopped series","2019-08-14","INDIVIDUS","3","FM","0",NA
1976-10-01,"1976-Q4",208,"A","DEF","A","001688365","T","Chômeurs au sens du BIT - Femmes de 25 à 49 ans (en milliers) - France métropolitaine - Données CVS - Série arrêtée","ILO unemployed - Women aged 25 to 49 years (in thousands) - Metropolitan France - SA data - Stopped series","2019-08-14","INDIVIDUS","3","FM","0",NA
1976-07-01,"1976-Q3",210,"A","DEF","A","001688365","T","Chômeurs au sens du BIT - Femmes de 25 à 49 ans (en milliers) - France métropolitaine - Données CVS - Série arrêtée","ILO unemployed - Women aged 25 to 49 years (in thousands) - Metropolitan France - SA data - Stopped series","2019-08-14","INDIVIDUS","3","FM","0",NA
1976-04-01,"1976-Q2",207,"A","DEF","A","001688365","T","Chômeurs au sens du BIT - Femmes de 25 à 49 ans (en milliers) - France métropolitaine - Données CVS - Série arrêtée","ILO unemployed - Women aged 25 to 49 years (in thousands) - Metropolitan France - SA data - Stopped series","2019-08-14","INDIVIDUS","3","FM","0",NA
1976-01-01,"1976-Q1",198,"A","DEF","A","001688365","T","Chômeurs au sens du BIT - Femmes de 25 à 49 ans (en milliers) - France métropolitaine - Données CVS - Série arrêtée","ILO unemployed - Women aged 25 to 49 years (in thousands) - Metropolitan France - SA data - Stopped series","2019-08-14","INDIVIDUS","3","FM","0",NA
1975-10-01,"1975-Q4",193,"A","DEF","A","001688365","T","Chômeurs au sens du BIT - Femmes de 25 à 49 ans (en milliers) - France métropolitaine - Données CVS - Série arrêtée","ILO unemployed - Women aged 25 to 49 years (in thousands) - Metropolitan France - SA data - Stopped series","2019-08-14","INDIVIDUS","3","FM","0",NA
1975-07-01,"1975-Q3",187,"A","DEF","A","001688365","T","Chômeurs au sens du BIT - Femmes de 25 à 49 ans (en milliers) - France métropolitaine - Données CVS - Série arrêtée","ILO unemployed - Women aged 25 to 49 years (in thousands) - Metropolitan France - SA data - Stopped series","2019-08-14","INDIVIDUS","3","FM","0",NA
1975-04-01,"1975-Q2",173,"A","DEF","A","001688365","T","Chômeurs au sens du BIT - Femmes de 25 à 49 ans (en milliers) - France métropolitaine - Données CVS - Série arrêtée","ILO unemployed - Women aged 25 to 49 years (in thousands) - Metropolitan France - SA data - Stopped series","2019-08-14","INDIVIDUS","3","FM","0",NA
1975-01-01,"1975-Q1",156,"A","DEF","A","001688365","T","Chômeurs au sens du BIT - Femmes de 25 à 49 ans (en milliers) - France métropolitaine - Données CVS - Série arrêtée","ILO unemployed - Women aged 25 to 49 years (in thousands) - Metropolitan France - SA data - Stopped series","2019-08-14","INDIVIDUS","3","FM","0",NA
